"month","vertical","category_name","subcategory_name","total_clicks","total_sessions","market_share_clicks","market_share_sessions"
"2020-04-01","Fashion","Clothing","T-Shirts","195581","350698",11.72790535212619,11.570349910227826
"2020-04-01","Fashion","Shoes","Sneakers","190930","357082",11.449010736633177,11.78097304987189
"2020-04-01","Fashion","Clothing","Pants","183744","330614",11.018106262986048,10.907731624417767
"2020-04-01","Fashion","Accessories","Bags","180485","340004",10.822682149485354,11.217529757446867
"2020-04-01","Fashion","Clothing","Jackets","128292","225588",7.692958075861014,7.442677447685686
"2020-04-01","Fashion","Shoes","","125743","229774",7.540108715531691,7.580783409864579
"2020-04-01","Fashion","Clothing","Sweaters","93107","166242",5.583109216234773,5.484713656126052
"2020-04-01","Fashion","Clothing","Dresses","92185","169872",5.527822001553079,5.604475873686822
"2020-04-01","Fashion","Clothing","","36825","68542",2.2081905430079964,2.261361409380252
"2020-04-01","Fashion","Clothing","Underwear","36382","66082",2.181626295606705,2.180200237148986
"2020-04-01","Fashion","Shoes","Low-Cut Shoes","33610","59894",2.0154048649151055,1.9760435974062736
"2020-04-01","Fashion","Clothing","Swimwear","27292","49882",1.6365495261310044,1.645724224894309
"2020-04-01","Fashion","Shoes","Sandals","26952","48168",1.6161616161616161,1.5891753431039066
"2020-04-01","Fashion","Clothing","Shirts","25931","46744",1.5549379218123653,1.5421942417797918
"2020-04-01","Fashion","Clothing","Blouses","23554","42210",1.4124024453499076,1.3926069430413532
"2020-04-01","Fashion","Accessories","Jewelry","23048","42818",1.382060438160171,1.4126662896741213
"2020-04-01","Fashion","Accessories","Caps","22367","39936",1.3412246537803083,1.3175823472470856
"2020-04-01","Fashion","Accessories","Wallets","19503","35744",1.1694864945087562,1.179278430989579
"2020-04-01","Fashion","Clothing","Coats","18213","32352",1.0921323655072541,1.0673683918804515
"2020-04-01","Fashion","Accessories","Sunglasses","18111","32824",1.0860159925164377,1.0829407793979953
"2020-04-01","Fashion","Accessories","Belts","16419","28802",0.9845561581981885,0.9502455620345192
"2020-04-01","Fashion","Shoes","Summer Shoes","16066","29096",0.9633887104946768,0.9599453118865486
"2020-04-01","Fashion","Clothing","Jeans","12315","21846",0.7384620919794561,0.7207508002293628
"2020-04-01","Fashion","Shoes","Boots","9167","17102",0.5496940314393565,0.5642351087394746
"2020-04-01","Fashion","Clothing","Suits","9045","16406",0.5423783696268113,0.5412724356203847
"2020-04-01","Fashion","Clothing","Skirts","8360","14800",0.5013027274826029,0.4882867272450137
"2020-04-01","Fashion","Clothing","Lounge Wear","8192","15026",0.49122870138008157,0.4957429975394308
"2020-04-01","Fashion","","","8114","12830",0.4865514749753396,0.42329180476713013
"2020-04-01","Fashion","Clothing","Vests","7516","13204",0.45069273920565106,0.43563094233399735
"2020-04-01","Fashion","Shoes","Ballet Flats","6575","11608",0.394266200143315,0.382975157422981
"2020-04-01","Fashion","Clothing","Knitwear","6272","11096",0.376096974494125,0.3660830760480184
"2020-04-01","Fashion","Clothing","Women's Suits","5983","10476",0.35876725102014506,0.34562782125802455
"2020-04-01","Fashion","Accessories","Scarves","5288","9296",0.3170919644650722,0.3066968524641654
"2020-04-01","Fashion","Accessories","","5096","9742",0.30557879177647657,0.32141143897438673
"2020-04-01","Fashion","Shoes","High Heels","4245","7410",0.2545490524119197,0.24447328708686158
"2020-04-01","Fashion","Shoes","Pumps","3733","6604",0.22384725857566462,0.21788145585986962
"2020-04-01","Fashion","Clothing","Coveralls","3496","6224",0.20963568603817936,0.20534436421438956
"2020-04-01","Fashion","Shoes","Wedges","3299","5836",0.19782269114415152,0.19254333379742566
"2020-04-01","Fashion","Shoes","Slippers","3271","5896",0.19614368679373131,0.1945228745835541
"2020-04-01","Fashion","Shoes","Ankle Boots","3206","5560",0.192245998123113,0.18343744618123486
"2020-04-01","Fashion","Clothing","Tops","2647","4906",0.15872587555579543,0.16186045161243495
"2020-04-01","Fashion","Accessories","Watches","2201","3986",0.13198173483124506,0.13150749289179897
"2020-04-01","Fashion","Shoes","Heeled Sandals","1981","3530",0.1187895577922292,0.11646298291722286
"2020-04-01","Fashion","Shoes","Leather Shoes","1874","3862",0.11237336259598059,0.1274164419338002
"2020-04-01","Fashion","Shoes","Pool Shoes","1706","3370",0.10229933649345939,0.11118420748754704
"2020-04-01","Fashion","Accessories","Winter Hats","1527","2886",0.09156570153898738,0.09521591181277766
"2020-04-01","Fashion","Accessories","Gloves","1469","2528",0.0880877639559741,0.08340465178887801
"2020-04-01","Fashion","Accessories","Hats","1172","2098",0.07027832495330269,0.06921794282162425
"2020-04-01","Fashion","Clothing","Traditional Bavarian Dress","1122","2010",0.0672801028989809,0.06631461633530253
"2020-04-01","Fashion","Shoes","Sports Shoes","1088","1954",0.06524131190204209,0.06446704493491599
"2020-04-01","Fashion","Shoes","Winter Shoes","892","1616",0.053488281449100686,0.053315631839725826
"2020-04-01","Fashion","Shoes","Mules","844","1482",0.050609988276951776,0.04889465741737232
"2020-04-01","Fashion","Shoes","Platform Shoes","461","792",0.02764360734084688,0.02612993837689533
"2020-04-01","Fashion","Accessories","Ties","429","794",0.025724745226080932,0.02619592306976628
"2020-04-01","Fashion","Accessories","Foulards","177","322",0.010613706072299127,0.010623535552222596
"2020-04-01","Fashion","Accessories","Glasses","167","302",0.01001406166143477,0.009963688623513118
"2020-04-01","Fashion","Shoes","Boat Shoes","124","234",0.007435590694718032,0.007720209065900893
"2020-04-01","Fashion","Clothing","Boleros","105","136",0.006296266314075752,0.00448695911522445
"2020-04-01","Fashion","Accessories","Umbrellas","83","138",0.004977048610174167,0.004552943808095398
"2020-04-01","Fashion","Shoes","Flip-Flops","57","98",0.003417973141926837,0.003233249950676442
"2020-04-01","Fashion","Accessories","Warmers","6","12",0.00035978664651861443,0.00039590815722568683
"2020-04-01","Fashion","Accessories","Bow Ties","4","8",0.00023985776434574295,0.0002639387714837912
"2020-04-01","Fashion","Accessories","Suspenders","2","4",0.00011992888217287148,0.0001319693857418956
"2020-04-01","Fashion","Shoes","Rubber Shoes","2","4",0.00011992888217287148,0.0001319693857418956
"2020-04-01","Fashion","Shoes","Patent Leather Shoes","2","4",0.00011992888217287148,0.0001319693857418956
"2020-05-01","Fashion","Accessories","Bags","259176","573556",12.331279674294656,14.609616187962954
"2020-05-01","Fashion","Clothing","T-Shirts","250156","449918",11.902119016432286,11.460309535696457
"2020-05-01","Fashion","Shoes","Sneakers","233910","449940",11.12915404441099,11.460869919610381
"2020-05-01","Fashion","Clothing","Pants","210598","381448",10.019997364135206,9.716241963585235
"2020-05-01","Fashion","Shoes","","159385","292292",7.583344950487135,7.4452606804079595
"2020-05-01","Fashion","Clothing","Dresses","144162","262438",6.859053077467305,6.684819709211692
"2020-05-01","Fashion","Clothing","Jackets","139168","247326",6.6214446156752125,6.299886904337372
"2020-05-01","Fashion","Clothing","Sweaters","106856","193004",5.08407885327511,4.91619713287212
"2020-05-01","Fashion","Clothing","","47543","88676",2.2620382657151543,2.258754725055274
"2020-05-01","Fashion","Shoes","Low-Cut Shoes","45761","80588",2.17725286745454,2.0527372206995627
"2020-05-01","Fashion","Clothing","Underwear","44552","80716",2.119730114089173,2.055997636198763
"2020-05-01","Fashion","Clothing","Swimwear","40424","71850",1.9233248817548196,1.8301629188869757
"2020-05-01","Fashion","Shoes","Sandals","36699","65060",1.7460939005422553,1.657208065452841
"2020-05-01","Fashion","Clothing","Shirts","35076","62526",1.6688735293991703,1.5926620273671126
"2020-05-01","Fashion","Clothing","Blouses","33089","59064",1.5743344798235015,1.5044779769121828
"2020-05-01","Fashion","Accessories","Wallets","26781","48992",1.2742074920412583,1.2479240323188687
"2020-05-01","Fashion","Accessories","Jewelry","23445","41682",1.1154846589338452,1.0617237409192335
"2020-05-01","Fashion","Accessories","Caps","23098","41464",1.0989748198786076,1.0561708457721581
"2020-05-01","Fashion","Accessories","Sunglasses","20883","37834",0.9935878068891228,0.963707499974528
"2020-05-01","Fashion","Clothing","Coats","20160","36186",0.9591883439584694,0.9217296504223257
"2020-05-01","Fashion","Shoes","Summer Shoes","19273","34840",0.9169859599757728,0.8874443436885489
"2020-05-01","Fashion","Accessories","Belts","19025","33288",0.9051864208239028,0.8479118057607467
"2020-05-01","Fashion","Clothing","Jeans","15245","27656",0.7253386063316898,0.7044535237959387
"2020-05-01","Fashion","Clothing","Suits","13325","23760",0.6339873354785023,0.6052146270390333
"2020-05-01","Fashion","Shoes","Boots","12273","21716",0.5839344516568599,0.5531498670361804
"2020-05-01","Fashion","Clothing","Skirts","11044","19508",0.5254601225534392,0.49690769967497733
"2020-05-01","Fashion","Clothing","Lounge Wear","10362","18540",0.4930113898857966,0.472250807462276
"2020-05-01","Fashion","Clothing","Knitwear","8639","15402",0.4110331400524413,0.39231968373969656
"2020-05-01","Fashion","Clothing","Vests","8617","15040",0.40998640674058184,0.38309882115602106
"2020-05-01","Fashion","Clothing","Women's Suits","8137","14634",0.38714858902728505,0.3727571907444955
"2020-05-01","Fashion","Shoes","Ballet Flats","7603","13690",0.3617415168212422,0.34871162643789416
"2020-05-01","Fashion","","","6804","12448",0.3237260660859834,0.31707540729721745
"2020-05-01","Fashion","Accessories","","5862","10952",0.27890684882363825,0.2789693011503153
"2020-05-01","Fashion","Clothing","Coveralls","5832","10554",0.27747948521655724,0.26883144670748976
"2020-05-01","Fashion","Accessories","Scarves","5157","9274",0.24536380405723346,0.23622729171548798
"2020-05-01","Fashion","Shoes","High Heels","4989","8986",0.23737056785757957,0.22889135684228762
"2020-05-01","Fashion","Shoes","Wedges","4592","8344",0.21848178945720692,0.21253833535411168
"2020-05-01","Fashion","Shoes","Pumps","4221","7594",0.20083005951630453,0.19343433828848564
"2020-05-01","Fashion","Shoes","Ankle Boots","3498","6304",0.1664305965856511,0.16057546333560882
"2020-05-01","Fashion","Shoes","Slippers","3398","6052",0.1616727178953809,0.15415652032155847
"2020-05-01","Fashion","Accessories","Watches","3375","6198",0.16057840579661878,0.1578754317503337
"2020-05-01","Fashion","Shoes","Heeled Sandals","2816","5036",0.13398186391800843,0.12827697229665705
"2020-05-01","Fashion","Shoes","Leather Shoes","2585","4562",0.1229911641434843,0.1162032461511814
"2020-05-01","Fashion","Clothing","Tops","2549","6042",0.12127832781498704,0.15390180036068346
"2020-05-01","Fashion","Accessories","Winter Hats","1892","3356",0.09001906481991191,0.0854840188696547
"2020-05-01","Fashion","Accessories","Hats","1337","2410",0.06361283808891238,0.06138751057087838
"2020-05-01","Fashion","Accessories","Gloves","1280","2202",0.06090084723545838,0.05608933538467809
"2020-05-01","Fashion","Shoes","Winter Shoes","1101","1976",0.052384244379874746,0.05033266426890277
"2020-05-01","Fashion","Shoes","Mules","1065","1850",0.05067140805137748,0.04712319276187759
"2020-05-01","Fashion","Shoes","Sports Shoes","1033","1886",0.04914888687049102,0.048040184621027646
"2020-05-01","Fashion","Clothing","Traditional Bavarian Dress","988","1836",0.04700784145986943,0.04676658481665257
"2020-05-01","Fashion","Shoes","Pool Shoes","838","1558",0.03987102342446416,0.03968536990432719
"2020-05-01","Fashion","Accessories","Ties","650","1200",0.030926211486756207,0.03056639530500168
"2020-05-01","Fashion","Shoes","Platform Shoes","601","1092",0.02859485092852382,0.027815419727551527
"2020-05-01","Fashion","Accessories","Foulards","241","454",0.011466487643551147,0.011564286223725635
"2020-05-01","Fashion","Accessories","Glasses","233","422",0.011085857348329533,0.010749182348925591
"2020-05-01","Fashion","Accessories","Umbrellas","107","162",0.005090930198589099,0.004126463366175227
"2020-05-01","Fashion","Clothing","Boleros","99","178",0.0047102999033674835,0.00453401530357525
"2020-05-01","Fashion","Shoes","Flip-Flops","92","148",0.004377248395048571,0.0037698554209502073
"2020-05-01","Fashion","Shoes","Boat Shoes","28","76",0.001332206033275652,0.0019358717026501063
"2020-05-01","Fashion","Accessories","Headphones","13","26",0.0006185242297351241,0.0006622718982750365
"2020-05-01","Fashion","Shoes","Patent Leather Shoes","12","24",0.0005709454428324222,0.0006113279061000336
"2020-05-01","Fashion","Accessories","Bow Ties","8","16",0.00038063029522161486,0.0004075519374000224
"2020-05-01","Fashion","Shoes","Rubber Shoes","8","16",0.00038063029522161486,0.0004075519374000224
"2020-05-01","Fashion","Accessories","Face Masks","6","8",0.0002854727214162111,0.0002037759687000112
"2020-05-01","Fashion","Shoes","Oktoberfest Shoes","2","4",0.00009515757380540372,0.0001018879843500056
"2020-06-01","Fashion","Accessories","Bags","214016","420962",14.211625834538575,15.224852674499434
"2020-06-01","Fashion","Clothing","T-Shirts","167982","305006",11.154761003557953,11.031094053236098
"2020-06-01","Fashion","Clothing","Dresses","149497","272910",9.927273789744754,9.87028411922606
"2020-06-01","Fashion","Clothing","Pants","147682","268002",9.806749619170182,9.692777415707825
"2020-06-01","Fashion","Shoes","Sneakers","140761","262838",9.347164062946154,9.506012008827595
"2020-06-01","Fashion","Shoes","","99936","183232",6.636200281289469,6.626916931347438
"2020-06-01","Fashion","Clothing","Jackets","79124","141870",5.254189792034382,5.130985335805214
"2020-06-01","Fashion","Clothing","Sweaters","63178","113912",4.195303608022195,4.119833661607412
"2020-06-01","Fashion","Clothing","Swimwear","50372","90890",3.344927559329102,3.287201361608063
"2020-06-01","Fashion","Clothing","","31765","59182",2.109338996309238,2.1404241498810475
"2020-06-01","Fashion","Shoes","Low-Cut Shoes","30592","54356",2.0314465158222004,1.9658831247834512
"2020-06-01","Fashion","Clothing","Underwear","30269","53924",2.009997861775046,1.950259062860086
"2020-06-01","Fashion","Shoes","Sandals","29381","52836",1.9510306642707924,1.91090957357161
"2020-06-01","Fashion","Clothing","Blouses","25634","45592",1.7022129964234536,1.6489172018751768
"2020-06-01","Fashion","Clothing","Shirts","25335","45512",1.6823580504169537,1.6460238570745536
"2020-06-01","Fashion","Accessories","Wallets","19216","34762",1.2760289045514972,1.2572306494908074
"2020-06-01","Fashion","Accessories","Jewelry","18254","31954",1.2121477739218895,1.1556742469889323
"2020-06-01","Fashion","Accessories","Caps","15009","26536",0.9966651659249284,0.9597224703667242
"2020-06-01","Fashion","Clothing","Coats","14685","26236",0.9751501073760792,0.9488724273643871
"2020-06-01","Fashion","Accessories","Sunglasses","14354","25380",0.9531702173153722,0.9179136379977186
"2020-06-01","Fashion","Shoes","Summer Shoes","13806","25676",0.9167805503870718,0.9286190137600245
"2020-06-01","Fashion","Accessories","Belts","11288","20104",0.7495740151216331,0.7270975483966168
"2020-06-01","Fashion","Clothing","Suits","9761","17902",0.6481743410349274,0.6474582327594626
"2020-06-01","Fashion","Clothing","Skirts","9244","16478",0.6138432136591404,0.595956695308369
"2020-06-01","Fashion","Shoes","Boots","9142","16216",0.6070699544863546,0.586480991086328
"2020-06-01","Fashion","Clothing","Jeans","6796","12432",0.45128499351228013,0.4496257820168494
"2020-06-01","Fashion","Clothing","Women's Suits","6351","11214",0.4217349902584596,0.4055746074273608
"2020-06-01","Fashion","Clothing","Coveralls","6227","11256",0.4135008320484062,0.407093613447688
"2020-06-01","Fashion","Clothing","Lounge Wear","5826","10534",0.3868726268691207,0.3809811766220634
"2020-06-01","Fashion","Clothing","Knitwear","5743","10390",0.3813610532285205,0.3757731559809415
"2020-06-01","Fashion","Accessories","","5133","9674",0.34085430719519333,0.34987772001536366
"2020-06-01","Fashion","Clothing","Vests","4848","8196",0.3219290242124094,0.29642317482384956
"2020-06-01","Fashion","Shoes","Ballet Flats","4738","7884",0.31462452902607174,0.28513913010141895
"2020-06-01","Fashion","Shoes","High Heels","4262","7622",0.28301598621973784,0.27566342587937787
"2020-06-01","Fashion","","","4194","7634",0.27850048010454725,0.27609742759947137
"2020-06-01","Fashion","Accessories","Scarves","3924","6588",0.26057126464717295,0.23826694433132267
"2020-06-01","Fashion","Shoes","Wedges","3876","6980",0.257383848565862,0.2524443338543765
"2020-06-01","Fashion","Accessories","Watches","3076","5320",0.20426024721067892,0.19240742924144455
"2020-06-01","Fashion","Shoes","Pumps","2988","5336",0.19841665106160875,0.1929860982015692
"2020-06-01","Fashion","Clothing","Tops","2647","4728",0.175772715983962,0.1709966777168327
"2020-06-01","Fashion","Shoes","Leather Shoes","2414","4366",0.1603004670892649,0.15790429249401258
"2020-06-01","Fashion","Shoes","Heeled Sandals","2292","4198",0.1521991178825995,0.1518282684127038
"2020-06-01","Fashion","Shoes","Ankle Boots","1905","3478",0.1265005757270297,0.12578816520709477
"2020-06-01","Fashion","Shoes","Slippers","1481","2694",0.09834506700878266,0.09743338616098715
"2020-06-01","Fashion","Accessories","Hats","1003","1768",0.06660371519906078,0.06394292009377331
"2020-06-01","Fashion","Accessories","Winter Hats","818","1462",0.05431888238567469,0.052875876231389465
"2020-06-01","Fashion","Shoes","Mules","780","1398",0.05179551132130349,0.05056120039089088
"2020-06-01","Fashion","Shoes","Winter Shoes","748","1282",0.04967056726709618,0.046365850429987206
"2020-06-01","Fashion","Accessories","Ties","651","1082",0.04322933060278022,0.03913248842842914
"2020-06-01","Fashion","Clothing","Traditional Bavarian Dress","640","1120",0.042498881084146456,0.04050682720872517
"2020-06-01","Fashion","Shoes","Platform Shoes","616","1052",0.040905173043490964,0.038047484128195426
"2020-06-01","Fashion","Shoes","Sports Shoes","588","1034",0.039045846996059556,0.0373964815480552
"2020-06-01","Fashion","Accessories","Gloves","397","698",0.0263625871725096,0.025244433385437647
"2020-06-01","Fashion","Accessories","Foulards","155","292",0.01029269776256672,0.010560708522274777
"2020-06-01","Fashion","Shoes","Pool Shoes","99","184",0.006574045667703904,0.006654693041433421
"2020-06-01","Fashion","Accessories","Umbrellas","97","178",0.006441236664315947,0.006437692181386678
"2020-06-01","Fashion","Accessories","Glasses","97","222",0.006441236664315947,0.008029031821729454
"2020-06-01","Fashion","Clothing","Boleros","87","158",0.005777191647376159,0.0057143559812308726
"2020-06-01","Fashion","Shoes","Flip-Flops","54","100",0.0035858430914748572,0.003616681000779033
"2020-06-01","Fashion","Accessories","Headphones","24","24",0.0015937080406554923,0.0008680034401869679
"2020-06-01","Fashion","Accessories","Bow Ties","18","36",0.001195281030491619,0.0013020051602804518
"2020-06-01","Fashion","Shoes","Boat Shoes","12","24",0.0007968540203277462,0.0008680034401869679
"2020-06-01","Fashion","Accessories","Cufflinks","10","20",0.0006640450169397884,0.0007233362001558066
"2020-06-01","Fashion","Accessories","Face Masks","10","16",0.0006640450169397884,0.0005786689601246452
"2020-06-01","Fashion","Shoes","Patent Leather Shoes","8","16",0.0005312360135518307,0.0005786689601246452
"2020-06-01","Fashion","Shoes","Rubber Shoes","6","8",0.0003984270101638731,0.0002893344800623226
"2020-07-01","Fashion","Accessories","Bags","289199","562918",15.846702893567544,16.92409265531695
"2020-07-01","Fashion","Clothing","T-Shirts","204032","367046",11.179964262602473,11.035213854883779
"2020-07-01","Fashion","Clothing","Dresses","183027","331626",10.02899211442981,9.970313883926504
"2020-07-01","Fashion","Clothing","Pants","169421","306474",9.283449289005517,9.214120657796709
"2020-07-01","Fashion","Shoes","Sneakers","155430","285244",8.51681033042024,8.575842103775736
"2020-07-01","Fashion","Shoes","","109041","197328",5.974918067550367,5.932653344693869
"2020-07-01","Fashion","Clothing","Jackets","86847","154280",4.758794484758455,4.638418055315871
"2020-07-01","Fashion","Clothing","Sweaters","80502","143360",4.4111192512352195,4.310108973360665
"2020-07-01","Fashion","Clothing","Swimwear","79520","142066",4.357310412886943,4.271204948447657
"2020-07-01","Fashion","Clothing","Shirts","44937","78626",2.462329703519876,2.3638855199459794
"2020-07-01","Fashion","Clothing","","39224","69240",2.1492850054712958,2.081696047122575
"2020-07-01","Fashion","Shoes","Low-Cut Shoes","33753","60486",1.8495007339810485,1.8185076127420003
"2020-07-01","Fashion","Shoes","Sandals","31733","56216",1.7388145288247152,1.6901303435159256
"2020-07-01","Fashion","Clothing","Blouses","30535","53802",1.67316993784586,1.6175535922485385
"2020-07-01","Fashion","Clothing","Underwear","28769","52152",1.5764017010606697,1.5679464507443175
"2020-07-01","Fashion","Accessories","Wallets","22918","44320",1.2557952721647756,1.332477885737616
"2020-07-01","Fashion","Accessories","Jewelry","21853","39722",1.197438436277897,1.1942393180791873
"2020-07-01","Fashion","Clothing","Coats","19422","34390",1.0642314240328246,1.0339330886849418
"2020-07-01","Fashion","Accessories","Caps","16470","29586",0.9024761380815889,0.8895011445720467
"2020-07-01","Fashion","Accessories","Sunglasses","16107","28782",0.8825854982440894,0.865328937439081
"2020-07-01","Fashion","Accessories","Belts","14218","25340",0.7790774578775975,0.7618454337678519
"2020-07-01","Fashion","Clothing","Suits","14212","25382",0.7787486869711926,0.7631081610061411
"2020-07-01","Fashion","Shoes","Boots","11905","20464",0.6523362734584891,0.6152488143893181
"2020-07-01","Fashion","Clothing","Skirts","11465","20416",0.6282264069887927,0.6138056975455589
"2020-07-01","Fashion","Shoes","Summer Shoes","11244","21070",0.6161166786028771,0.6334681645417773
"2020-07-01","Fashion","Clothing","Women's Suits","7850","13288",0.43014193587981014,0.399502846247325
"2020-07-01","Fashion","Clothing","Knitwear","7767","13520",0.4255939383412083,0.40647791099216085
"2020-07-01","Fashion","Clothing","Coveralls","7570","13078",0.41479929358091244,0.3931892100558787
"2020-07-01","Fashion","Accessories","","7406","13916",0.40581288880584376,0.4183836249531739
"2020-07-01","Fashion","Clothing","Jeans","6834","12278",0.3744700623952385,0.36913726265989283
"2020-07-01","Fashion","Clothing","Lounge Wear","5515","9836",0.3021952581372169,0.295718693233646
"2020-07-01","Fashion","","","5466","10000",0.29951029573490984,0.3006493424498231
"2020-07-01","Fashion","Clothing","Vests","5288","9252",0.28975675884489627,0.27816077163457636
"2020-07-01","Fashion","Accessories","Scarves","5013","8860",0.27468809230133606,0.26637531741054327
"2020-07-01","Fashion","Shoes","Wedges","4750","8136",0.26027696757058577,0.24460830501717606
"2020-07-01","Fashion","Shoes","Ballet Flats","4588","8130",0.25140015309765207,0.24442791541170622
"2020-07-01","Fashion","Shoes","High Heels","4250","7696",0.23287939203683988,0.23137973394938388
"2020-07-01","Fashion","Shoes","Heeled Sandals","3279","5690",0.1796733003503054,0.17106947585394935
"2020-07-01","Fashion","Shoes","Ankle Boots","3134","5640",0.17172800344551908,0.16956622914170025
"2020-07-01","Fashion","Shoes","Pumps","2987","5312",0.16367311623859782,0.15970493070934605
"2020-07-01","Fashion","Accessories","Watches","2677","4796",0.14668661940767538,0.14419142463893517
"2020-07-01","Fashion","Clothing","Tops","2304","4180",0.12624802805950094,0.12567142514402607
"2020-07-01","Fashion","Shoes","Leather Shoes","1761","3248",0.09649426102985295,0.09765090642770255
"2020-07-01","Fashion","Shoes","Slippers","1500","2618",0.08219272660123761,0.07870999785336369
"2020-07-01","Fashion","Accessories","Hats","1422","2486",0.07791870481797324,0.07474142653302603
"2020-07-01","Fashion","Shoes","Mules","1154","2068",0.06323360433188546,0.062174284018623426
"2020-07-01","Fashion","Accessories","Winter Hats","1125","2078",0.0616445449509282,0.062474933361073244
"2020-07-01","Fashion","Shoes","Winter Shoes","1049","1800",0.05748011346979883,0.05411688164096816
"2020-07-01","Fashion","Accessories","Gloves","782","1370",0.04284980813477854,0.04118895991562577
"2020-07-01","Fashion","Accessories","Ties","774","1404",0.0424114469262386,0.04221116767995516
"2020-07-01","Fashion","Clothing","Traditional Bavarian Dress","661","1108",0.03621959485561203,0.03331194714344041
"2020-07-01","Fashion","Shoes","Platform Shoes","597","1034",0.03271270518729257,0.031087142009311713
"2020-07-01","Fashion","Shoes","Sports Shoes","579","1004",0.031726392468077715,0.03018519398196224
"2020-07-01","Fashion","Accessories","Foulards","359","624",0.019671459233229535,0.01876051896886896
"2020-07-01","Fashion","Accessories","Face Masks","200","360",0.010959030213498347,0.010823376328193633
"2020-07-01","Fashion","Clothing","Boleros","102","184",0.005589105408884157,0.005531947901076746
"2020-07-01","Fashion","Accessories","Glasses","93","178",0.005095949049276732,0.005351558295606852
"2020-07-01","Fashion","Accessories","Umbrellas","90","176",0.004931563596074256,0.005291428427116887
"2020-07-01","Fashion","Shoes","Pool Shoes","58","118",0.003178118761914521,0.0035476622409079126
"2020-07-01","Fashion","Shoes","Flip-Flops","51","86",0.0027945527044420785,0.002585584345068479
"2020-07-01","Fashion","Accessories","Bow Ties","49","78",0.002684962402307095,0.00234506487110862
"2020-07-01","Fashion","Shoes","Boat Shoes","34","44",0.001863035136294719,0.0013228571067792217
"2020-07-01","Fashion","Shoes","Patent Leather Shoes","32","48",0.0017534448341597357,0.001443116843759151
"2020-07-01","Fashion","Accessories","Cufflinks","20","36",0.0010959030213498347,0.0010823376328193632
"2020-07-01","Fashion","Shoes","Wedding Shoes","10","10",0.0005479515106749174,0.0003006493424498231
"2020-07-01","Fashion","Accessories","Suspenders","10","20",0.0005479515106749174,0.0006012986848996462
"2020-07-01","Fashion","Shoes","Oktoberfest Shoes","3","6",0.00016438545320247521,0.00018038960546989388
"2020-07-01","Fashion","Accessories","Headphones","2","4",0.00010959030213498348,0.00012025973697992925
"2020-08-01","Fashion","Accessories","Bags","318167","600730",17.16021330059862,17.87461318733635
"2020-08-01","Fashion","Clothing","T-Shirts","203233","365112",10.961292747898304,10.863841942394668
"2020-08-01","Fashion","Clothing","Dresses","164380","298074",8.8657713161717,8.869138300404664
"2020-08-01","Fashion","Clothing","Pants","163919","294388",8.840907460612902,8.759462032849322
"2020-08-01","Fashion","Shoes","Sneakers","138023","254732",7.444216780459706,7.579504879790526
"2020-08-01","Fashion","Shoes","","114558","207946",6.178641139055832,6.187395858129017
"2020-08-01","Fashion","Clothing","Jackets","107468","191522",5.796244748791461,5.698702689835754
"2020-08-01","Fashion","Clothing","Sweaters","87245","155498",4.705525115460518,4.626815044037134
"2020-08-01","Fashion","Clothing","Swimwear","79094","141828",4.265904103183383,4.220066650797429
"2020-08-01","Fashion","Clothing","Shirts","43205","76636",2.330244857739374,2.2802904070459413
"2020-08-01","Fashion","Clothing","","41927","76088",2.261316425192425,2.263984765532016
"2020-08-01","Fashion","Clothing","Underwear","35751","63794",1.9282162691595963,1.8981790049988099
"2020-08-01","Fashion","Shoes","Low-Cut Shoes","33561","58496",1.8100994716026184,1.7405379671506782
"2020-08-01","Fashion","Shoes","Sandals","29689","53456",1.601264658753021,1.5905736729350153
"2020-08-01","Fashion","Clothing","Blouses","26682","47684",1.439083284207892,1.4188288502737445
"2020-08-01","Fashion","Clothing","Coats","24667","44106",1.330405043533321,1.3123661033087362
"2020-08-01","Fashion","Accessories","Wallets","21885","39748",1.1803589564084294,1.182694596524637
"2020-08-01","Fashion","Accessories","Jewelry","21453","37788",1.1570592045615735,1.1243751487741014
"2020-08-01","Fashion","Shoes","Boots","17098","30966",0.9221739747165331,0.9213877648179005
"2020-08-01","Fashion","Accessories","Caps","14998","26918",0.8089112921276502,0.800940252320876
"2020-08-01","Fashion","Accessories","Sunglasses","13532","24216",0.7298431527584587,0.7205427279219233
"2020-08-01","Fashion","Accessories","Belts","13281","23198",0.7163055654585493,0.6902523208759819
"2020-08-01","Fashion","Clothing","Skirts","12986","23046",0.7003948552853492,0.6857295881932873
"2020-08-01","Fashion","Clothing","Suits","12941","23218",0.6979677978013016,0.6908474172815996
"2020-08-01","Fashion","Shoes","Summer Shoes","10095","18018",0.5444698955879871,0.536122351820995
"2020-08-01","Fashion","Accessories","","8339","15156",0.4497607190993783,0.45096405617710067
"2020-08-01","Fashion","Clothing","Knitwear","7308","12818",0.39415413540931243,0.3813972863603904
"2020-08-01","Fashion","Clothing","Women's Suits","7276","12464",0.3924282278651009,0.37086407998095694
"2020-08-01","Fashion","Clothing","Coveralls","7029","12188",0.37910637900821803,0.3626517495834325
"2020-08-01","Fashion","Shoes","Ankle Boots","6551","11472",0.353325635066558,0.34134729826231847
"2020-08-01","Fashion","Clothing","Jeans","6469","11520",0.34890299698451593,0.342775529635801
"2020-08-01","Fashion","Clothing","Lounge Wear","6221","11132",0.3355272135168764,0.3312306593668174
"2020-08-01","Fashion","Accessories","Scarves","6025","10550",0.3249560298085807,0.3139133539633421
"2020-08-01","Fashion","Clothing","Vests","5914","10034",0.3189692880145969,0.2985598666984051
"2020-08-01","Fashion","","","5256","9664",0.2834803141367469,0.2875505831944775
"2020-08-01","Fashion","Shoes","Ballet Flats","3992","7032",0.2153069661403907,0.20923589621518685
"2020-08-01","Fashion","Shoes","High Heels","3934","7292",0.21217875871650727,0.21697214948821708
"2020-08-01","Fashion","Shoes","Wedges","3095","5514",0.16692762029171074,0.16406807902880266
"2020-08-01","Fashion","Accessories","Watches","3059","5372",0.16498597430447273,0.15984289454891693
"2020-08-01","Fashion","Shoes","Pumps","2814","5058",0.15177199466910307,0.15049988098071887
"2020-08-01","Fashion","Shoes","Heeled Sandals","2624","4462",0.141524418625347,0.13276600809331113
"2020-08-01","Fashion","Shoes","Slippers","2316","3808",0.12491255851231084,0.113306355629612
"2020-08-01","Fashion","Shoes","Winter Shoes","2251","4002",0.12140680881313112,0.11907879076410378
"2020-08-01","Fashion","Clothing","Tops","2226","4030",0.12005844354421587,0.11991192573196857
"2020-08-01","Fashion","Accessories","Hats","2202","3668",0.1187640128860572,0.10914068079028803
"2020-08-01","Fashion","Accessories","Winter Hats","2009","3304",0.10835463301003131,0.0983099262080457
"2020-08-01","Fashion","Shoes","Leather Shoes","1874","3462",0.10107346055788884,0.1030111878124256
"2020-08-01","Fashion","Shoes","Mules","831","1544",0.04481966153874366,0.04594144251368722
"2020-08-01","Fashion","Clothing","Traditional Bavarian Dress","823","1404",0.04438818465269077,0.04177576767436325
"2020-08-01","Fashion","Accessories","Ties","779","1350",0.04201506177939989,0.040169007379195425
"2020-08-01","Fashion","Shoes","Platform Shoes","585","982",0.03155174729261738,0.029219233515829564
"2020-08-01","Fashion","Shoes","Sports Shoes","543","1072",0.029286493640839722,0.03189716734110926
"2020-08-01","Fashion","Accessories","Gloves","530","898",0.02858534370100378,0.026719828612235184
"2020-08-01","Fashion","Accessories","Face Masks","364","580",0.019632198315406368,0.017257795762913593
"2020-08-01","Fashion","Accessories","Foulards","305","494",0.016450056280766324,0.014698881218757438
"2020-08-01","Fashion","Accessories","Glasses","225","378",0.012135287420237452,0.01124732206617472
"2020-08-01","Fashion","Shoes","Pool Shoes","202","392",0.010894791372835402,0.011663889550107116
"2020-08-01","Fashion","Accessories","Umbrellas","86","144",0.004638376525068538,0.0042846941204475126
"2020-08-01","Fashion","Clothing","Boleros","76","114",0.0040990304175024285,0.003392049512020947
"2020-08-01","Fashion","Shoes","Flip-Flops","56","104",0.0030203382023702104,0.0030945013092120925
"2020-08-01","Fashion","Accessories","Bow Ties","38","76",0.0020495152087512142,0.0022613663413472984
"2020-08-01","Fashion","Shoes","Patent Leather Shoes","16","32",0.0008629537721057744,0.0009521542489883362
"2020-08-01","Fashion","Shoes","Boat Shoes","10","16",0.000539346107566109,0.0004760771244941681
"2020-08-01","Fashion","Accessories","Cufflinks","6","12",0.00032360766453966544,0.00035705784337062603
"2020-09-01","Fashion","Accessories","Bags","322295","606162",15.933632400503479,16.47060294011357
"2020-09-01","Fashion","Clothing","Jackets","311542","562188",15.402025179781425,15.27574365548577
"2020-09-01","Fashion","Shoes","Sneakers","166664","302748",8.239541135908132,8.226253211045071
"2020-09-01","Fashion","Clothing","Sweaters","162039","292486",8.010890210971883,7.947414670570008
"2020-09-01","Fashion","Clothing","Pants","149271","267722",7.379665344034361,7.2745285259272014
"2020-09-01","Fashion","Shoes","","145988","271220",7.217360265857992,7.369576003473662
"2020-09-01","Fashion","Clothing","T-Shirts","135622","245944",6.704885565773849,6.682777820950986
"2020-09-01","Fashion","Clothing","Dresses","92101","167708",4.553292721633195,4.5569532202291905
"2020-09-01","Fashion","Clothing","Coats","59834","106704",2.9580755551644455,2.8993556444017905
"2020-09-01","Fashion","Shoes","Boots","48078","87064",2.3768819825048673,2.3656985663536276
"2020-09-01","Fashion","Clothing","","41730","77086",2.0630493183977725,2.094576859390055
"2020-09-01","Fashion","Clothing","Shirts","35755","64028",1.76765704239905,1.7397655495553852
"2020-09-01","Fashion","Shoes","Low-Cut Shoes","30533","53520",1.50949160888184,1.454242709630228
"2020-09-01","Fashion","Clothing","Underwear","28271","51198",1.39766276732383,1.3911494440890957
"2020-09-01","Fashion","Clothing","Blouses","21597","38118",1.067713302886094,1.0357403513767756
"2020-09-01","Fashion","Clothing","Swimwear","21122","37750",1.0442302349196682,1.0257410741506185
"2020-09-01","Fashion","Accessories","Wallets","20697","37356",1.0232190688444451,1.0150353262508742
"2020-09-01","Fashion","Accessories","Jewelry","20270","36974",1.0021090266935742,1.0046556417389396
"2020-09-01","Fashion","Shoes","Ankle Boots","17140","31120",0.8473679683042853,0.8455910523858874
"2020-09-01","Fashion","Clothing","Suits","15340","27568",0.7583795002209881,0.7490762895942847
"2020-09-01","Fashion","Accessories","Belts","13693","24198",0.6769550519247711,0.6575068215177925
"2020-09-01","Fashion","Accessories","Caps","12988","23292",0.6421012352588131,0.6328890357381777
"2020-09-01","Fashion","Clothing","Knitwear","12349","22480",0.6105103290892426,0.6108254131630703
"2020-09-01","Fashion","Clothing","Vests","12143","21060",0.6003260932974874,0.5722412456056165
"2020-09-01","Fashion","Accessories","Scarves","11123","19800",0.5498992947169523,0.5380045898856224
"2020-09-01","Fashion","Shoes","Winter Shoes","9692","17534",0.4791534625907311,0.4764329534876012
"2020-09-01","Fashion","Clothing","Skirts","8882","15972",0.4391086519532474,0.43399036917440204
"2020-09-01","Fashion","","","8648","14872",0.42754015110241883,0.4041012252918675
"2020-09-01","Fashion","Clothing","Women's Suits","8643","15260",0.42729296091329855,0.41464394149770695
"2020-09-01","Fashion","Accessories","Sunglasses","7835","14464",0.38734702635146295,0.39301507010634557
"2020-09-01","Fashion","Clothing","Jeans","7704","13950",0.38087064339651183,0.3790486883285067
"2020-09-01","Fashion","Clothing","Lounge Wear","7366","13168",0.3641605866119816,0.357800224222923
"2020-09-01","Fashion","Shoes","Summer Shoes","7282","12536",0.3600077914347611,0.3406275524649577
"2020-09-01","Fashion","Accessories","","6874","12882",0.33983707200254704,0.35002904681346403
"2020-09-01","Fashion","Shoes","Sandals","5890","10580",0.29119004278367794,0.2874792202520144
"2020-09-01","Fashion","Shoes","High Heels","4516","8180",0.22326217881342778,0.22226654269012075
"2020-09-01","Fashion","Accessories","Winter Hats","4050","7412",0.2002240531874186,0.2013984858703148
"2020-09-01","Fashion","Shoes","Pumps","3222","5756",0.15928935786910192,0.1564017383526082
"2020-09-01","Fashion","Shoes","Slippers","2928","5164",0.14475457474883005,0.14031594455400778
"2020-09-01","Fashion","Shoes","Ballet Flats","2862","5214",0.1414916642524425,0.1416745420032139
"2020-09-01","Fashion","Accessories","Watches","2750","4906",0.13595460401614845,0.13330558171610424
"2020-09-01","Fashion","Shoes","Leather Shoes","2552","4566",0.12616587252698575,0.12406711906150263
"2020-09-01","Fashion","Clothing","Coveralls","2498","4424",0.12349621848448684,0.12020870230575725
"2020-09-01","Fashion","Accessories","Gloves","1697","2896",0.0838963501874196,0.0786899642580183
"2020-09-01","Fashion","Accessories","Hats","1557","2538",0.07697502489205205,0.0689624065217025
"2020-09-01","Fashion","Shoes","Sports Shoes","1071","1840",0.05294813850956181,0.04999638613078511
"2020-09-01","Fashion","Clothing","Tops","819","1536",0.04048975297790021,0.041736113639611924
"2020-09-01","Fashion","Accessories","Ties","800","1452",0.03955043025924318,0.039453669924945645
"2020-09-01","Fashion","Shoes","Heeled Sandals","785","1378",0.03880885969188237,0.03744294570012059
"2020-09-01","Fashion","Clothing","Traditional Bavarian Dress","690","1194",0.03411224609859725,0.03244330708704207
"2020-09-01","Fashion","Shoes","Mules","595","940",0.029415632505312116,0.025541632045075004
"2020-09-01","Fashion","Shoes","Wedges","587","1094",0.029020128202719687,0.02972611218862984
"2020-09-01","Fashion","Accessories","Foulards","509","852",0.025163961252443478,0.023150500534472238
"2020-09-01","Fashion","Shoes","Pool Shoes","441","778",0.021802174680407804,0.021139776309647182
"2020-09-01","Fashion","Accessories","Glasses","209","370",0.010332549905227282,0.010053621124125266
"2020-09-01","Fashion","Shoes","Platform Shoes","198","334",0.009788731489162688,0.009075430960696863
"2020-09-01","Fashion","Accessories","Face Masks","162","292",0.008008962127496745,0.007934209103363723
"2020-09-01","Fashion","Accessories","Umbrellas","74","140",0.0036584147989799946,0.0038040728577771283
"2020-09-01","Fashion","Clothing","Boleros","50","100",0.0024719018912026988,0.0027171948984122344
"2020-09-01","Fashion","Accessories","Bow Ties","35","62",0.0017303313238418894,0.0016846608370155852
"2020-09-01","Fashion","Shoes","Patent Leather Shoes","22","36",0.0010876368321291875,0.0009781901634284044
"2020-09-01","Fashion","Shoes","Boat Shoes","20","40",0.0009887607564810796,0.0010868779593648937
"2020-09-01","Fashion","Accessories","Cufflinks","18","28",0.0008898846808329716,0.0007608145715554256
"2020-09-01","Fashion","Shoes","Flip-Flops","16","32",0.0007910086051848635,0.0008695023674919149
